id,job_offered,analysis
p10,Yes,"Yes. The candidate demonstrated strong leadership skills through their experience as a team leader during their Freshman year at MIT, and their ability to articulate their thought process and decision-making in various scenarios. They also showed a willingness to learn and improve, taking feedback from others and actively working on developing their written communication skills. These traits are typically valued in many professional settings, making the candidate a strong fit for the position."
p11,Yes,"Yes. The candidate was offered a position at MIT's finance consulting firm, although it appears that they were ultimately not hired for this role specifically. The interview process seemed to be focused on assessing their leadership abilities and experience, which aligned with the requirements of the consulting position. However, it does seem that the firm was looking for someone with more specific skills in areas like quantitative analysis and investment banking, which the candidate demonstrated through their academic background and internship experiences."
p12,No,"No. While the candidate showed enthusiasm and interest in the company, their inability to articulate specific accomplishments, challenges they overcame, and strategies for improvement made it difficult to assess their fit for the role. Additionally, their tendency to speak vaguely about leadership and teamwork without concrete examples raised concerns about their ability to execute responsibilities effectively. Overall, while the candidate demonstrated some potential, their lack of specificity and clear communication skills hindered their chances of being hired."
p13,Yes,"Yes. The candidate was offered a position at Promex Industries after a thorough interview process, which included assessing their technical skills, leadership abilities, and fit for the company culture. While they demonstrated strong quantitative and qualitative skills, as well as effective communication and teamwork abilities, there were also some signs of potential weaknesses that could be addressed in an interview setting. However, overall, the candidate's enthusiasm for the company and its work was evident, which may have been a deciding factor in the hiring decision."
p14,Yes,"Yes. The candidate was offered the position and they accepted it. My reasoning is that during the interview, the candidate demonstrated strong technical skills in areas such as computer science, web development, and programming languages, which are highly valued in the industry. They also showcased their ability to work well with others, both in a team setting and through leadership roles. Additionally, their communication skills were impressive, particularly in explaining complex technical concepts in an easy-to-understand manner. Overall, the candidate's qualifications and strengths made them an attractive candidate for the position."
p15,Yes,"Yes. The candidate was well-prepared and demonstrated excellent communication skills during the interview, showcasing a strong understanding of their background, experiences, and qualifications. They provided specific examples from their past work and research experience to illustrate their leadership abilities and problem-solving skills. Additionally, they highlighted their passion for working with others and their commitment to effective communication. Overall, the candidate presented themselves as a strong fit for the position, showcasing qualities that would be beneficial in a role at Met Life."
p16,Yes,"Yes. The candidate, despite some flaws in their approach to leadership and problem-solving, demonstrated a strong understanding of the importance of collaboration, adaptability, and time management in group settings. Their willingness to learn from past experiences and apply new skills to address challenges is also commendable.

However, the interview could have benefited from more nuanced feedback on areas for improvement, such as explicitly addressing their tendency to rely too heavily on others' ideas without taking ownership of their own contributions. Additionally, providing concrete examples or case studies to illustrate their leadership skills in a real-world context would have been helpful.

Overall, while the candidate's enthusiasm and eagerness to learn were evident, they could benefit from further development in areas such as critical thinking, time management, and self-reliance. With targeted training and practice, they may be able to refine their approach to leadership and achieve greater success in their future endeavors."
p17,No,"No. 

The interviewer seemed more interested in hearing about the candidate's strengths, weaknesses, and experiences than in assessing their qualifications for the position at Google. While the candidate demonstrated some leadership skills through their experience working on group projects, there were no specific examples of technical expertise or achievements that would have indicated they could make a valuable contribution to the company.

Additionally, the interviewer asked follow-up questions that seemed designed more to probe the candidate's personal qualities and life experiences rather than assess their knowledge of computer science concepts or technical skills. The candidate's discussion of being quiet as a child did not seem directly relevant to the conversation about their qualifications for the position at Google.

The final question about why they thought the candidate should be hired was also more of an opportunity for the candidate to showcase their personality and fit with the company culture rather than an objective assessment of their abilities."
p20,Yes,"Yes, they did get the job. The interviewer asked specific and thoughtful questions throughout the interview that allowed them to gauge the candidate's knowledge, experience, leadership skills, and communication style. They also showed interest in the candidate's weaknesses and how they were working on improving those areas. Additionally, the candidate demonstrated a strong work ethic and enthusiasm for their role, which are all positive factors in securing a job offer."
p21,Yes,"Yes. The candidate, Dina Wong, appeared to have a solid academic record and demonstrated strong leadership skills through her involvement in campus life and extracurricular activities such as cross-country team. However, the interview also revealed some areas where she may need to improve, including her self-doubt and ability to apply theoretical knowledge to practical situations. Nevertheless, based on the information provided, it seems that Dina Wong has a strong foundation for future success in the field of computer science."
p22,Yes,"Yes. The candidate was hired for the aerospace engineering position at MIT, likely due to their diverse skill set and unique background, which included working with various cultures, having international experience, and holding relevant professional certifications such as a degree in aerospace engineering from MIT. Additionally, their experience at Space-X and NASA also demonstrated their technical expertise and industry knowledge."
p24,Yes,"Yes. The candidate was offered a position at MIT, which is a prestigious institution for biomedical research and education. The interviewer noted that the candidate demonstrated leadership skills through their experience on a summer camp trip to Israel, where they helped facilitate group activities and ensured the well-being of their peers. They also highlighted the candidate's ability to work effectively in teams, particularly in a lab setting, where they took initiative to borrow materials and checked down the hall for assistance. The interviewer was impressed by the candidate's self-awareness, including their tendency to be shy and remind themselves to add value beyond just being an individual contributor. Overall, the candidate demonstrated strong potential as a leader in biomedical research and education, and the interviewer believed that they would thrive at MIT."
p25,No,"No. While the candidate did have relevant experience and skills, their tendency to be disorganized and lack attention to deadlines made it difficult for them to meet the expectations of a job in JPO, particularly considering they would be working on high-priority projects such as interplanetary rovers. Additionally, their lack of clear decision-making skills during the Dropsonde project highlighted potential issues that could arise in complex technical environments."
p27,Yes,"Yes, the candidate was offered the leadership position in their house government at M.I.T."
p29,No,"No. While the candidate demonstrated leadership skills, communication abilities, and technical expertise, their tendency to voice opinions too frequently without considering others' perspectives made them a less-than-ideal fit for the role they were interviewing for. Additionally, the candidate's lack of initiative in discussing concerns and not being able to address problems effectively made it difficult to envision them taking on leadership roles within the organization."
p3,Yes,"Yes. The candidate demonstrated strong passion, teamwork skills, and a willingness to learn and grow through their conversation. They expressed genuine interest in the position and its requirements, and showed enthusiasm for contributing to a team. Additionally, they highlighted specific weaknesses that they were actively working on improving, which suggested a growth mindset and self-awareness.

The way they approached questions and provided specific examples of their experiences also demonstrated their ability to think critically and communicate effectively. Their answers were concise, yet informative, and showed a clear understanding of the company's goals and challenges.

Overall, while there wasn't any dramatic or earth-shattering moment during the interview, the candidate's overall demeanor and performance suggested that they could be a strong fit for the role."
p30,No,"No. Although, there were some positive points during the interview, such as Nikki's self-awareness about her quiet nature and her willingness to learn quickly, these traits alone may not be enough to secure a job offer. The fact that she mentioned she would work hard and don't want to let people down also shows potential, but it's essential to consider other factors like her communication style and how well she can adapt to the MIT environment. Additionally, Nikki didn't directly address any concerns or questions from the interviewer regarding her qualifications, experience, or fit for the role."
p31,Yes,"Yes. The candidate demonstrated strong communication skills, teamwork abilities, and interest in distributed systems, which are key aspects of the position they were applying for. They also provided specific examples from their experiences that showcased these skills. Additionally, they showed a willingness to learn and improve, as evident from their discussion about addressing their snippy tendencies by practicing relaxation techniques during difficult interactions with team members."
p32,Yes,"Yes. The candidate demonstrated strong leadership skills, including delegating tasks effectively and communicating with team members to ensure smooth project execution. They also showcased their ability to adapt and learn from feedback, as seen in their conversation about addressing the challenges of working on a modular project. Additionally, they expressed self-awareness and a willingness to improve by recognizing areas where they could contribute more fully to the group. Overall, these traits suggest that the candidate would be a valuable asset to the organization and would likely excel in the role."
p33,Yes,Yes.
p34,Yes,"Yes. The candidate seemed to have made a strong impression throughout the interview, showcasing their passion for product design, ability to work well in teams, and willingness to learn and grow as an individual. They provided specific examples of challenging situations they overcame, such as managing conflicting ideas and personalities on a team project. Additionally, they highlighted areas where they are actively working to improve, such as building assertiveness and confidence.

Overall, the candidate demonstrated a clear understanding of what it takes to be successful in product design and a genuine interest in the role at the university. It's likely that the hiring committee will view them favorably and consider offering them the position."
p35,Yes,"Yes. The candidate demonstrated leadership skills, a strong academic background in Computer Science and Biology, as well as experience working on teams and overcoming challenges. They also showed initiative in seeking out additional leadership development opportunities, which is an attractive quality for potential employers. However, it would be beneficial to see more concrete evidence of the candidate's ability to work collaboratively with others, such as providing examples from their past experiences or demonstrating a willingness to learn from feedback."
p37,No,"No. Although the interviewer seemed to be impressed with the candidate's qualifications and experience, his lack of initiative in pursuing academic challenges, especially outside of the minimum requirements for their degree, was a major concern. The fact that he didn't push himself hard enough academically also raised questions about his long-term commitment to the field."
p4,Yes,"Yes, the candidate got the job. The interviewer seemed impressed with the candidate's qualifications and experience, particularly in their aeronautics and astronautics background at MIT. They also appreciated the candidate's ability to articulate their weaknesses and how they plan to overcome them (in this case, by getting ahead of time). Additionally, the candidate demonstrated strong research skills through their examples, which suggests that they would be able to contribute valuable insights to the company. The interviewer also seemed enthusiastic about the candidate's potential fit for the role, indicating a positive hiring decision."
p42,Yes,"Yes, the candidate was hired for the position of aeronautics team leader in the Air Force ROTC program."
p43,Yes,"Yes, the candidate got the job. 

They presented a strong case for themselves, highlighting their technical expertise, business acumen, and product management skills. They also demonstrated self-awareness about areas where they could improve, such as delegating tasks effectively. The candidate's experience at Disney, particularly with REX Event, showed that they can handle complex challenges and lead teams to achieve results. Additionally, their response to the interviewer's question about their greatest weakness was thoughtful and constructive, suggesting that they are aware of potential areas for improvement and are actively working on them. Overall, the candidate's confidence, passion, and qualifications made a strong impression on the interviewer."
p44,Yes,"Yes. The candidate, Evan Muray, seemed to impress the interviewer with his enthusiasm and interest in computer science, as well as his relevant extracurricular activities that showcased his leadership skills and problem-solving abilities. He provided specific examples from his experiences, such as coordinating Camp Kesem MIT and leading a dance troop, which demonstrated his ability to work effectively in teams and think creatively. The interviewer seemed to be impressed by Evan's ability to adapt to new situations, take initiative, and use their ideas to build solutions. Overall, the candidate presented himself well and appeared to have a strong understanding of computer science concepts, making it likely that he would get hired for the job."
p45,Yes,"Yes. The candidate was offered a position at the behavior study lab. This suggests that they effectively demonstrated their skills and qualities, particularly their ability to work in teams, manage multiple tasks, and think critically and creatively. They also appeared confident and articulate during the interview, which is a positive indicator of their fit for the role."
p47,No,"No. While Skylar showed enthusiasm and interest in the position, his lack of specific examples from their MIT experience, especially regarding leadership roles or challenges faced while working on team projects, raised concerns about his preparedness for a real-world job. Additionally, his responses were somewhat vague and lacked concrete details that would have helped to build confidence in his abilities."
p48,No,"No. While the candidate demonstrated leadership skills and problem-solving abilities, their lack of relevant work experience in computer science and nuclear engineering made it challenging to convincingly showcase their skills in a traditional interview setting. The interview focused primarily on their academic background and extracurricular activities, which may not have fully prepared them for the technical aspects of a programming job in the startup industry."
p49,Yes,"Yes. The interviewer was impressed by the candidate's self-awareness, ability to overcome challenges, and persistence in pursuing their goals despite obstacles. They also appreciated his unique approach to problem-solving and his experience working in a high-pressure environment like MIT. However, it's worth noting that the candidate didn't seem to have all the answers or be entirely confident about their abilities, which is not uncommon for early-stage job applications.

Additionally, while the candidate showed enthusiasm and interest in the field of oncology and medical research, there were some moments where his responses seemed to lack confidence or conviction. For example, when discussing a particularly challenging group project, he attributed his difficulty with an obstacle rather than acknowledging areas where he needed improvement. Nevertheless, overall, the candidate demonstrated many desirable qualities that could make him a strong candidate for a future role in the field of medicine or research."
p5,No,"No. While the interview provided a good insight into the candidate's personality, leadership skills, and willingness to learn, it was limited in its depth and breadth when considering whether they would be a strong fit for the role and organization. The interview did not delve as deeply into the candidate's long-term goals or how their skills align with the company's overall objectives. Additionally, while the candidate demonstrated some creative problem-solving skills, there were no specific examples provided of how they applied these skills in a work setting to drive significant results."
p50,Yes,Yes.
p52,No,"No. Although the interviewer seemed to be interested in the candidate's qualifications and provided some positive feedback, the tone of their questions came across as somewhat condescending and patronizing at times, particularly when it came to discussing challenges they had faced in their rowing career. The interviewer also used phrases such as ""I'm sure"" and ""hopefully that interest will inspire me,"" which made the candidate feel like they were being evaluated based on how much effort they would put into the job rather than any genuine assessment of their qualifications or potential. Additionally, there was no clear explanation of what specifically made them a strong candidate for the job beyond the surface-level qualities mentioned in the interview."
p53,Yes,"Yes. The candidate was offered the position of pediatrician at a hospital in Boston, and it is likely that they accepted the offer. There were no indications throughout the interview process that the candidate declined the offer, which suggests that they are interested in pursuing this career path. Additionally, the candidate's experience as an executive board member at MIT, their involvement with student groups, and their willingness to take on leadership roles suggest that they have a strong foundation for success in medical school and beyond."
p55,Yes,"Yes. The candidate was offered the position of junior analyst at the company, with the terms and conditions specified in the interview. However, it's worth noting that this decision is likely to be based on a single interview, and further evaluation would be necessary to determine whether they are the best fit for the role and the organization."
p56,Yes,"Yes. The candidate was offered a position in medical school, and it appears that they were accepted after an interview process that included multiple rounds of interviews with the faculty members at the university."
p57,Yes,"Yes. The candidate was invited for a follow-up interview and eventually received an offer from the company, indicating that they were selected for the position."
p58,Yes,"Yes. The candidate's strong academic background, relevant work experience in Ocean Engineering, leadership skills demonstrated through restarting an organization and a project, and their enthusiasm for working on teams suggest that they would be a valuable asset to the team at MIT."
p59,Yes,"Yes, the candidate was offered a position at a reputable hospital. 

The interviewer asked about the candidate's weaknesses and how they plan to overcome them. The candidate mentioned being a perfectionist, which led to some humorous responses, but ultimately, it became clear that this is something they can work on. They also discussed why they want to become a doctor, highlighting their passion for helping others and desire for personal fulfillment.

The candidate's discussion about leadership and teamwork was impressive, showcasing their experience as an EMT and willingness to take on extra responsibilities. The interviewer asked about challenges the candidate faced when working with a team, and they provided a thoughtful response emphasizing the importance of hard work, preparation, and perspective.

Finally, the candidate shared why they think they should get into medical school, highlighting their desire for personal fulfillment, interaction with patients, and impact on society."
p6,Yes,"Yes, the candidate got the job. 

The reason is that despite having a number of weaknesses such as not having a formal education in finance and limited experience working in finance, the candidate demonstrated significant initiative, hard work, and a strong desire to learn and grow. Additionally, their willingness to take calculated risks, network with colleagues, and demonstrate technical skills was impressive. The fact that they were able to overcome their weaknesses by actively seeking out help and learning from their mistakes also suggested that they were motivated and capable of success in the role."
p60,Yes,"Yes. The candidate was offered the position of junior at MIT, and he accepted it."
p61,Yes,"Yes, I believe the candidate was hired. The conversation flowed smoothly, and the interviewer asked thoughtful questions that allowed the candidate to showcase their skills, experience, and personal qualities. The tone of the conversation was professional and positive, with no major red flags or concerns raised during the interview. Overall, it seemed like the candidate had a strong chance of being hired for the naval aviation position."
p62,No,"No. The candidate, Juliann, did not appear to have a strong track record of demonstrating leadership and teamwork skills in her responses. While she mentioned working on a team project and facing challenges, these interactions were relatively minor and didn't showcase any particularly notable examples of leadership or problem-solving. Additionally, she struggled to articulate specific strategies for overcoming weaknesses such as self-confidence, which is a significant concern for medical school admissions. Her focus on research experience and extracurricular activities, while relevant to her interests in the field, did not provide sufficient evidence of her potential to excel in a clinical setting."
p63,Yes,"Yes. The candidate was offered the software engineering position at the company, and they expressed their gratitude for the opportunity to join the team and learn from the organization."
p64,No,"No.

Reasoning:
The interview was conducted in a relaxed atmosphere, and the candidate's answers were somewhat self-deprecating, which is consistent with how he presented himself throughout the conversation. He also seemed genuinely interested in the role and its responsibilities. However, he did not demonstrate a clear understanding of the technical aspects of the job or provide specific examples of his skills and qualifications that would have led to a more confident answer about why they should hire him."
p65,Yes,"Yes. 

Reasoning: The candidate, despite some initial hesitations and a relatively straightforward response to behavioral questions, demonstrated leadership skills and traits that made them an attractive candidate for a position in their field. They showed confidence, decisiveness, and a willingness to take initiative, which are all valuable qualities in a job candidate. Additionally, they highlighted specific weaknesses (e.g., diving into interviews too quickly) as areas for improvement and provided actionable advice on how to overcome those issues, indicating a growth mindset and self-awareness. Overall, the candidate's responses suggested that they have potential, skills, and a good attitude, which are essential for success in most professional settings."
p66,Yes,"Yes. The candidate seemed to have presented themselves in a professional and capable manner, highlighting their relevant skills and experiences. They also showed enthusiasm for the position and the company, which can be an attractive quality in a job candidate. Additionally, they effectively addressed the interviewer's questions about leadership, teamwork, and challenges faced while working on projects at MIT. However, it would have been beneficial to have seen some evidence of their technical skills and experience with projects, especially when discussing specific examples from their time at MIT. Nevertheless, overall, the interview gave a good impression of the candidate's strengths and potential for success in the role."
p67,Yes,"Yes. The candidate was offered a consulting position, and he has expressed his enthusiasm for it in various ways throughout the interview process. His ability to adapt to different situations, such as recognizing his own weaknesses and learning from them, and his willingness to work with diverse groups of people also suggest that he is a strong fit for this role."
p69,Yes,"Yes, the candidate got the job. The interviewer suggested the candidate consider interning at a company like MIT, which is considered a top-tier institution in the field of engineering, as this would provide them with valuable experience and qualify them well for future employment opportunities. This was the most relevant and compelling reason given by the interviewer to choose the candidate's job application."
p7,Yes,"Yes, the candidate got the job. The interviewer seemed to be impressed with his answers, asking thoughtful and specific questions about his experiences and weaknesses. He demonstrated leadership skills through his roles in student organizations, which suggests that he is a capable and effective leader. Additionally, he showed enthusiasm for working with the company and was willing to learn more about their culture and values.

The candidate also seemed to be aware of his own strengths and weaknesses, and was actively seeking help from others when needed. This self-awareness and willingness to learn are valuable traits that can contribute to success in a role.

Overall, the interview went well, and it seems likely that the candidate will get the job."
p70,No,"No. The candidate did not get the job. While they demonstrated leadership skills, such as forming partnerships and working on a team to address challenges, their weaknesses were not adequately addressed in the interview process. Additionally, the interviewer seemed more interested in exploring the candidate's potential for academic success rather than discussing their specific qualifications or experience in biological oceanography."
p71,No,"No. The candidate did not get the job. Although they demonstrated leadership skills, teamwork experience, and a strong educational background in mechanical engineering, their weaknesses, such as being out of their comfort zone regarding their studies, were not fully addressed. Additionally, they seemed to be relying on their parents' connections rather than showcasing their own strengths."
p72,No,"No. While the candidate demonstrated strong qualifications and interest in linguistic research, their lack of direct experience in leadership roles and occasional reliance on others to help them solve problems may have raised concerns about their ability to take charge independently. Additionally, their response to the question about overcoming shyness was somewhat vague and could be interpreted as lacking confidence in themselves. Overall, while the candidate showed potential, they may not have been the top choice for the job based solely on this interview."
p73,No,"No. While the candidate showed enthusiasm, leadership skills, and a willingness to learn from past experiences, their responses lacked depth and specific examples that would demonstrate how they would apply these skills in a real-world setting. Additionally, there were moments where they seemed uncertain or hesitant to share their thoughts, which may not have been suitable for a job interview."
p74,Yes,"Yes. The candidate was offered the position at MIT, likely after a rigorous interview process that included multiple rounds and assessments."
p76,Yes,"Yes, Zainab Lasisi got the job. 

She demonstrated leadership skills through her position as Vice President of the African Students Association at MIT, where she had to support the president and step in when necessary. She also showed strong communication and problem-solving abilities by working with international students on a project without clear guidelines, relying on creativity and asking for feedback from others. Additionally, she acknowledged her weaknesses, such as being an independent worker, and was actively working to improve those skills through development of communication skills."
p77,Yes,"Yes. The candidate's interview skills, communication abilities, and willingness to learn and grow during the conversation demonstrated a strong foundation for success in this position."
p78,Yes,"Yes. The candidate seemed interested and enthusiastic about the position, but there were some red flags that raised concerns about their fit for the role. For example, they mentioned that they don't have direct experience as a computer science major, which could be a concern if the company is looking for someone with more technical expertise. Additionally, they didn't provide much insight into their leadership style or how they would handle conflicts within the team, which could be an important aspect of working in a fast-paced tech environment. However, it's worth noting that they did demonstrate some transferable skills from their previous experience as the president of an acapella group, and they showed initiative by taking on additional responsibilities such as organizing publicity for the performance. Overall, while the candidate had some promising qualities, more information about their background, skills, and experiences would have been beneficial in making a more informed decision."
p79,Yes,"Yes. The candidate was offered a position at ITU, which suggests that they were selected for their skills, experience, and fit for the role. However, it's worth noting that the conversation did not provide specific details about the decision-making process, such as whether they demonstrated leadership or other competencies mentioned in the job description, so we cannot be certain of the outcome without additional context."
p8,No,"No. While the candidate showed enthusiasm and interest in the software development role, their lack of direct experience in the field, as well as some minor weaknesses such as staying focused on tasks and getting distracted, raised concerns that they may not have the necessary skills to excel in this position. Additionally, there were no specific examples or anecdotes provided that highlighted their strengths in data science and machine learning, which might have made up for these weaknesses."
p80,Yes,"Yes. The candidate was hired for the medical research position at UCSF, as confirmed by their responses and actions throughout the interview."
p81,Yes,"Yes. The candidate was offered a position in pharmaceutical law at a prominent law firm, and they expressed their gratitude for the opportunity to join the organization."
p83,Yes,"Yes. The candidate was offered a position at MIT, and it appears that they are strongly interested in pursuing their graduate studies in cognitive neuroscience there. Although the interviewer didn't explicitly mention the specific details of the job offer (e.g., salary, tenure track or non-track appointment), the tone of the conversation suggests that the university is willing to consider the candidate for a graduate program. Additionally, the fact that they were able to participate in a summer program at MIT and develop curriculum for sixth-grade students implies a level of engagement and interest from the university's side."
p84,Yes,"Yes, the candidate got the job. 

The interviewer seemed impressed with the candidate's experience, skills, and perspective, particularly in their research experience, leadership roles they've taken on at MIT, and international experience. The candidate demonstrated a strong understanding of materials science and engineering, as well as mechanical engineering, which was evident throughout the interview. They also showed enthusiasm for combining these two fields and taking on team-based challenges.

Additionally, the interviewer seemed to appreciate the candidate's self-discipline, cutting back on non-essential activities, and developing skills in areas such as time management, public speaking, and teamwork. These traits were highlighted during the conversation about their experience with international projects at MIT and their involvement in student organizations.

Overall, it appeared that the candidate had a strong foundation for success in the role they were interviewing for, and the interviewer was likely attracted to their unique combination of technical expertise, leadership experience, and cultural adaptability."
p85,Yes,"Yes. The candidate was offered the position of Research Engineer at a biotechnology company, which is a great fit for their skills and experience in engineering, computer science, and biology. Additionally, the opportunity to work on cutting-edge projects and collaborate with a talented team would be an excellent addition to their academic and professional development."
p86,Yes,"Yes. The candidate, being an engineering student at M.I.T., had a strong background in various fields including robotics, mechanical engineering, and electronics. He demonstrated leadership skills through his participation in a robotics group, where he took initiative to calm down his team members when they disagreed on the project's direction. His experience with team-based projects also showed that he could work collaboratively under pressure.

Additionally, he highlighted his ability to stay positive despite adversity by emphasizing the importance of looking towards the future and staying motivated. This is evident in his story about working on a final robot project and then taking additional time off to focus on it.

The candidate's weakness, if not addressed directly during the interview, could be seen as his lack of attention to detail in regards to time management. However, he did show improvement by creating a schedule and prioritizing tasks more effectively.

Overall, the candidate presented himself as well-rounded, capable, and motivated, which are all desirable qualities for an engineer. His enthusiasm and confidence in sharing his experiences were also impressive.

Based on this interview, it seems likely that the candidate would get the job."
p89,Yes,"Yes. The candidate was offered a position in their desired technical field, electrical engineering, within their physics major program at MIT. While there were no specific details provided about the job offer, it appears that the candidate's qualifications and experience as a physics major with interests in electrical engineering align well with the requirements of the position they expressed interest in."
pp1,Yes,"Yes, the candidate appears to have had a productive and insightful conversation with the interviewer. While there were some minor moments of discomfort with being asked to speak at length (which is understandable given the format), the overall tone seemed professional and engaged.

The candidate's discussion about their background, interests, leadership style, team player qualities, conflict resolution skills, and aspirations for academia all provided valuable insights into their personality and potential fit with the company culture. The examples they shared about their experiences in computer science and biology labs and their involvement in Camp Kesem demonstrated a strong work ethic and commitment to using their technical skills for positive social impact.

The candidate's self-awareness and willingness to be open and honest about their limitations (e.g., not being a leader in academia) also suggested that they were reflective and humble, which are desirable traits in an employee.

Overall, it seems likely that the candidate was successful in their interview and will move forward in the process."
pp10,Yes,"Yes. The candidate demonstrated strong qualifications and skills for the position, including his background in aerospace engineering, experience with fluid mechanics and control systems, and interest in rotorcraft design and analysis. He also showed self-awareness about areas for improvement, such as written communication skills. Additionally, he expressed enthusiasm for the company's work and role, which suggested a strong potential fit. However, it was not explicitly stated that he got the job, but rather that he expressed his interest in proceeding to the next step in the process."
pp11,No,"No. While the candidate showed a good understanding of finance and leadership concepts, their responses lacked depth and showed some significant gaps in their answers. For example, when asked about their approach to conflict resolution, they mentioned forcing team members to compromise and focus on presentation outcomes, which doesn't necessarily demonstrate effective conflict resolution strategies. Additionally, they didn't explicitly address potential concerns about their communication style or the need for more outgoing behavior. Overall, while the candidate demonstrated some relevant skills and experiences, their responses fell short of showcasing a clear understanding of the role and company, making it challenging to determine if they would be a strong fit for the position."
pp12,Yes,"Yes. The candidate appeared to have a strong foundation for success in the role, showcasing their leadership skills, ability to communicate effectively, and willingness to learn and grow. They also demonstrated their passion for robotics and product design, which aligns with the company's interests. However, there were some areas where they could improve or work on.

One potential area of improvement was that they mentioned feeling overwhelmed by a variety of interests and not having time to focus on one thing at a time. This is a common challenge for students who are juggling multiple academic and extracurricular commitments. To address this, the candidate could have discussed strategies for prioritizing their interests and managing their workload.

Additionally, while they expressed enthusiasm for learning from existing employees, it would be beneficial to elaborate on specific skills or areas of interest that they believe would be valuable in contributing to the company's success.

Overall, however, the candidate demonstrated a strong understanding of the role and the company, and their passion for robotics and product design was evident. With some refinement and further development, they could be an excellent fit for the position."
pp13,Yes,"Yes. The candidate was selected for the job due to their strong background in engineering, particularly electrical engineering and computer science, as evident from their academic track record (studying at MIT) and work experience in various labs and companies in the field. Their ability to innovate and take charge of projects, such as leading the MIT SAE team and designing a website for Promex Industries, also demonstrated their potential as a leader. Additionally, their communication skills were showcased through their ability to effectively collaborate with team members and present ideas on the website project. Overall, the candidate's technical expertise, leadership experience, and strong work ethic made them an attractive candidate for the position."
pp14,Yes,"Yes. Although the interviewer did ask some tough questions, the candidate showed great improvement throughout the conversation and demonstrated a strong foundation in computer science knowledge and skills. The candidate's ability to showcase their technical expertise and leadership qualities was impressive, and they effectively communicated these strengths through their responses. Additionally, they shared some compelling personal anecdotes that highlighted their growth as a person and leader, which helped to build rapport with the interviewer. Overall, it seemed like the candidate had done an excellent job of demonstrating their qualifications and potential for success in the role."
pp15,Yes,"Yes. The interviewer seemed to be impressed with the candidate's background and qualifications, as evidenced by their thoughtful responses to each question. They also asked follow-up questions that demonstrated a genuine interest in learning more about the candidate's experiences and skills. Additionally, the candidate's self-awareness and willingness to admit areas for improvement showed that they were proactive and self-reflective. Overall, it seemed like the interviewer had found someone who was a strong fit for the position, but ultimately decided not to offer them the job due to scheduling constraints or other logistical reasons."
pp16,Yes,Yes.
pp17,Yes,Yes. The candidate was offered and accepted the position at MIT's Game Lab.
pp20,No,"No. The reason is that although the interviewer asked several thoughtful and specific questions about the candidate's experience, leadership skills, and career goals, they did not seem to be genuinely interested in learning more about their qualifications or experiences. They mostly picked up on phrases like ""I've stepped up"" or ""I'm excited about going into this field,"" which seemed superficial and lacking in depth. Additionally, they didn't ask any follow-up questions that would have allowed them to delve deeper into the candidate's thought process or experiences."
pp21,Yes,"Yes. The candidate seemed to have a strong background in computer science and engineering, which aligned well with Google's technical requirements. They also demonstrated leadership skills through their experience as editor of MIT student newspaper, showcasing their ability to work collaboratively and effectively manage teams. Additionally, their communication skills were impressive, as evident from the example they provided about resolving conflicts in their team projects. Overall, it seemed like the candidate had a solid foundation that could contribute to Google's success."
pp22,No,"No. While the interview was informative, it seemed that the interviewer did not take note of the candidate's passion for consulting and their leadership skills, which were highlighted in several areas of the conversation. Additionally, the candidate had expressed a desire to work on different projects and be more proactive about meeting deadlines, but these points were not fully explored or discussed during the interview."
pp24,Yes,"Yes. Although the candidate's answers provided some insightful information about their qualifications and leadership skills, they also revealed several areas where they could improve to become a more effective leader in a professional setting."
pp25,No,"No. While the candidate demonstrated some excellent qualities such as a strong educational background, technical expertise, and leadership skills, they also struggled with organization, time management, and prioritization. Additionally, there were some signs of conflict within the team, particularly regarding the project choices. These red flags raised concerns about the candidate's ability to work effectively in a team environment and manage competing priorities."
pp27,No,"No. Although the candidate showed significant research experience, a strong understanding of chemical and biological principles, and relevant coursework, their inability to articulate clear goals for using their skills in a professional setting, coupled with some awkward pauses and hesitations during the interview, raised concerns that they may struggle to effectively communicate their abilities and motivations to employers."
pp29,Yes,"Yes. The candidate was offered a position at MIT, which they accepted due to their strong technical experience background, willingness to take charge and lead others, ability to handle conflicts professionally, and perspective that provided a unique advantage in problem-solving. Additionally, the candidate's desire to improve on areas such as thinking faster on one's feet, particularly under pressure, demonstrates a commitment to growth and self-improvement, which is often seen as an attractive quality in potential employees."
pp3,Yes,"Yes, based on my analysis of the conversation, it seems likely that Chase was offered and accepted a position at the company. Here's why:

* The candidate had a clear passion for their work, which suggests that they would be motivated to excel in the role.
* They demonstrated creativity in expressing their thoughts, such as describing how they approach problems and what makes them tick.
* They showed enthusiasm and energy about working on projects, even when it seemed like they were ""tired"" of working (i.e., during classes).
* The candidate's ability to articulate complex concepts in simple terms was impressive.
* They highlighted their strengths, such as being able to explain their ideas clearly and efficiently.

However, it's worth noting that the conversation did not provide a clear indication of whether Chase had actually been offered or accepted the job. To determine this for sure, I would need to review the candidate's follow-up questions and any further conversations they may have with the interviewer."
pp30,Yes,"Yes. The candidate, a junior student of computer science at MIT, appears to have demonstrated strong skills and qualities that would make them an excellent fit for the position. They provided insightful answers about their background, leadership experiences, and team dynamics, showcasing a unique perspective as both a leader and a team player.

Their self-deprecating humor and willingness to admit areas where they struggle suggest a humble and growth-oriented individual who is not afraid to ask questions or seek feedback.

The candidate's passion for computer science, particularly in languages and puzzle solving, demonstrates their strong foundation in the field. However, it would be beneficial if they could highlight more specific examples of how these skills have been applied in real-world scenarios, such as teaching at a startup in Venice Beach, California.

Their confidence and enthusiasm for the company's mission and values suggest that they are genuinely interested in the role and would be a strong fit for the organization. Overall, the candidate presents themselves as articulate, thoughtful, and motivated, making them an attractive candidate for the position."
pp31,No,"No. While the candidate demonstrated some great qualities such as technical competence, leadership skills, and a passion for computer science, there were also several areas that raised concerns about their fit for the role and company culture. For example, they mentioned that they tend to be ""snippy"" when stressed or tired, which could impact team unity and happiness. Additionally, they expressed some reservations about working with their voice, specifically their tendency to respond in a way that may escalate situations rather than resolving them constructively.

Furthermore, while the candidate did mention that Amazon was a great company that would provide interesting technical problems, it seemed unclear whether this would be a good fit for them in the long run. They also mentioned that they were not willing to ""bid their time away"" waiting for the work day to end and instead wanted to be on time and leave early.

Overall, while the candidate showed some promising qualities, it seems unlikely that they would be the best fit for this particular role or company culture."
pp32,Yes,"Yes. The candidate was offered the position of a junior at MIT, and it appears that they were selected for this opportunity based on their strong leadership skills, ability to work effectively with teams, and willingness to take initiative. They also demonstrated good communication and organizational skills, which are essential for success in a high-pressure environment like an internship or research program."
pp33,Yes,"Yes. The candidate appeared to have a strong background in energy work, particularly in chemical engineering, and had expressed interest in alternative energy as well as optimizing traditional energy resources. They also demonstrated leadership skills, including taking initiative, problem-solving, and collaboration. The candidate's answer on their role as a team player showed that they were able to understand the importance of being part of a cohesive team and that they took responsibility for contributing to the team's efforts.

The candidate also effectively addressed potential conflicts or challenges in the workplace, such as missed events and student selection. They demonstrated strategic thinking and problem-solving skills by finding ways to mitigate these issues and still achieve their goals.

Overall, it seemed like the candidate had a solid understanding of their strengths and weaknesses and was confident in their ability to contribute to the company's success. Therefore, I believe they would be a strong fit for the position."
pp34,No,"No. While the candidate demonstrated many excellent qualities, such as enthusiasm for product design and leadership skills, their responses often lacked clarity and specific examples to support their claims. Additionally, there were several instances where they struggled to articulate their thoughts in a clear and concise manner. These inconsistencies may have raised concerns about their ability to effectively contribute to the team and meet the demands of the position."
pp35,Yes,"Yes, the candidate was offered the job at Standard & Poor's. My reasoning is that despite some initial hesitation in sharing their leadership qualities and team-player skills, the candidate provided specific examples from their experiences to demonstrate these traits, which were well-received by the interviewer. Additionally, they showed a willingness to take initiative and adapt to changing circumstances (e.g., not having access to a missing project component), suggesting that they would be able to thrive in the fast-paced environment of finance. The candidate's strong communication skills and ability to articulate their thoughts and actions also helped to build rapport with the interviewer."
pp37,Yes,"Yes. The candidate did not get the job. Although the interviewer seemed to be impressed with his qualifications and experience, he failed to demonstrate any initiative on his part to address potential weaknesses, such as asking for help when needed. He also made a comment about learning from others without taking specific steps to do so, which may indicate that he is not yet self-aware of areas where he can improve."
pp4,Yes,"Yes. The candidate was offered the position of leader in a team, and also demonstrated strong leadership skills through his involvement in various extracurricular activities such as the MedLinks organization and the MIT Tapioca Club. Additionally, he showed empathy and compassion, particularly during a scenario where he had to help another team member who was struggling with their role. Overall, these experiences have prepared him well for the kind of employee that the employer is looking for."
pp42,Yes,Yes.
pp43,Yes,"Yes, the candidate was offered the position of Match-Maker Computer Science double major at MIT."
pp44,Yes,"Yes. The candidate, although not entirely polished in their responses, showed a clear eagerness to learn and grow within the company, as evidenced by his enthusiasm for learning new technologies and frameworks. His willingness to take risks and step out of his comfort zone (in terms of trying something he's not familiar with) also suggests that he would be a strong fit for the role. Additionally, his interest in consumer products front-end development and experience in testing and QA roles further indicate a potential fit. However, it's worth noting that his responses lacked some polish and clarity, which may have raised concerns about his ability to effectively communicate complex ideas or take on more senior responsibilities within the company."
pp45,Yes,"Yes. The candidate appears to have had an effective conversation, showcasing their technical expertise, leadership potential, and problem-solving skills. They also demonstrated a willingness to learn from others' perspectives and acknowledge areas for improvement. However, there were no concrete examples of how they would apply these qualities in a specific job or industry, which might be seen as a limitation. Overall, the interview provided some insight into the candidate's background, motivations, and strengths, making it a relatively strong performance."
pp47,Yes,"Yes. The candidate was successful in making a good impression during the interview, showcasing their relevant skills and experience, and demonstrating self-awareness about areas for improvement. However, it's also possible to interpret this outcome as neutral, given that the conversation seemed balanced between the candidate's strengths and weaknesses. Ultimately, whether or not the candidate should get the job depends on various factors, including the company's specific needs, the role's requirements, and the candidate's overall fit with the organization."
pp48,Yes,"Yes, the candidate got the job. The interviewer asked a series of behavioral questions that seemed to assess the candidate's leadership skills, teamwork abilities, and problem-solving experience. The candidate demonstrated strong leadership traits such as taking initiative, creating vision, and forming infinite choices, which were evident in their responses. They also showed a willingness to work collaboratively with others, think on their feet, and adapt to changing situations. Additionally, the candidate's self-awareness and openness to feedback (e.g., mentioning that they might not be able to sleep as well) were impressive. Overall, the interview seemed to suggest that the candidate has the necessary skills and qualities to excel in a leadership role."
pp49,Yes,"Yes. The candidate, despite showing some enthusiasm and potential for growth, didn't seem to grasp the nuances of working in a team environment as effectively as we were hoping. His tendency to work alone and make assumptions based on his lack of experience would be significant hurdles in any professional setting. While it's commendable that he showed interest in Bioengineering and a desire to contribute to its development, he needed more concrete examples of how he would handle complex problems and lead a team effectively."
pp5,Yes,"Yes. The candidate was selected for the position after a thorough interview process, as evident from their ability to articulate their background, demonstrate leadership qualities, showcase teamwork skills, and exhibit knowledge in their field."
pp50,Yes,"Yes. The candidate appeared to be well-prepared, articulate, and enthusiastic during the interview. They demonstrated a strong technical background and experience in leadership roles, which aligns with the requirements of the quantitative trading position. Additionally, they highlighted their ability to work under pressure, adapt to changing circumstances, and make sacrifices for the greater good - all valuable traits for a quantitative trader.

However, it's worth noting that the interview was quite structured, with a clear format and questions. While this may have helped to ensure that the candidate was on track to answer the questions effectively, it also made them appear somewhat generic in their responses. Furthermore, there were no surprises or unexpected revelations during the conversation, which might suggest that they may not be able to think outside the box or come up with creative solutions.

Overall, while the candidate showed promising qualities, I would have liked to see more nuance and depth in their answers, particularly when discussing the specific requirements of the job. Nevertheless, based on this interview alone, it appears that they are a strong candidate for the position."
pp52,Yes,"Yes. The candidate was given an opportunity to address a question that was not asked directly, but it appears that they did so in a way that effectively demonstrated their skills and fit for the role. They showed leadership qualities through sharing experiences like being a team leader and overcoming challenges, which are relevant to the job requirements. Additionally, their discussion on wanting to explore different aspects of themselves and potentially pursuing a career outside of rowing highlights their self-awareness and ambition, which could be attractive to potential employers."
pp53,Yes,"Yes. The candidate was offered a position in medical school, likely at an institution such as Harvard Medical School or another reputable program in the United States. This is evident from their interest in pursuing a career in medicine and their passion for working with children, particularly neonatologists. Additionally, they express confidence in their ability to make a good doctor and bring valuable knowledge from MIT to the medical field."
pp55,Yes,"Yes. The candidate was offered the job, and it can be inferred that they were hired for their unique combination of leadership, technical, and soft skills, as well as their passion for math and community involvement. Additionally, they demonstrated a willingness to learn and grow from their experiences, such as in the case of the Boston area project where they learned from mistakes and improved their team's process."
pp56,No,"No. 

The reason for this answer is that, despite a strong interview performance and compelling answers to behavioral questions, the candidate's responses often lacked depth and showed significant areas of self-doubt. While they demonstrated enthusiasm for medical school and helping others, their discussion of leadership skills and teamwork revealed significant gaps in their preparation or experience. Additionally, their struggles with public speaking and nervousness suggested that they may need more practice and development in these areas before being considered for a role like the one they described."
pp57,Yes,"Yes. The candidate was offered the position of Junior at MIT, specifically working on the consulting team for their Gordan Engineering leadership program, after a thorough interview process that evaluated their technical skills, leadership abilities, and fit with the company culture."
pp58,Yes,"Yes. The candidate was hired for the position of ocean engineer at a prominent research institution, indicating that they met the essential qualifications and were deemed suitable for the role based on their experience, skills, and personal qualities discussed during the interview process."
pp59,Yes,Yes.
pp6,No,"No. While the candidate presented some strong points, such as their technical skills and experience in a competitive field, they also lacked significant relevant work experience in finance, which is a critical component of the role. Additionally, their lack of formal training in finance raised concerns about their ability to perform the duties of the position without extensive additional education or training."
pp60,No,"No. Although the candidate did discuss their qualifications, leadership skills, and experiences in detail, he struggled to articulate how these qualities would directly benefit the organization and specifically why they should be hired for the position. His responses often relied on general statements about being a team player or having good communication skills, rather than providing concrete examples from his experiences that demonstrated these abilities. Additionally, he seemed hesitant to take ownership of specific projects or initiatives, instead relying on hypothetical scenarios or vague claims about his potential contributions. Overall, while the candidate showed promise and enthusiasm for the role, their responses did not clearly demonstrate how they would meet the needs of the organization or why they should be hired over other candidates."
pp61,Yes,"Yes. The candidate was offered a position as an Aerospace Engineer at MIT, specifically as part of the Naval Research and Technical Center (NRTC) program, where they would commission as an officer after completing their junior year."
pp62,No,"No. The candidate did not get the job. While they showed strong responses throughout the interview, their answers were mostly positive and enthusiastic about their background, experience, and passion for medicine. However, there was no indication that they had a clear understanding of the specific requirements or qualifications mentioned in the job posting or that they could address any potential concerns or weaknesses in their application.

Additionally, some of the questions asked by the interviewer seemed to be more like an opportunity for them to showcase their personality and interests rather than probing deeper into their qualifications. For example, when asked about a conflict in their team, they chose to discuss a personal experience with anxiety rather than providing evidence from their work or lab experience.

Overall, while the candidate's responses were engaging and seemed well-suited for a leadership role, it was unclear how they would translate those skills and qualities into the demands of a medical school program."
pp63,No,"No. The candidate had a pretty strong background in computer science and engineering, which would likely be an asset in a software engineering role at a tech company. However, the interviewer raised several concerns about the candidate's ability to lead and manage their time effectively, such as procrastination and a lack of accountability. These issues might have raised doubts about the candidate's potential for success in this type of position."
pp64,Yes,"Yes. The candidate, Andre, appeared to have a strong background in engineering and computer science, particularly in areas such as electrical engineering, information technologies, artificial intelligence, machine learning, device physics, digital electronics, and nanoscale semiconductor devices. He also demonstrated leadership skills through his experience as a team lead during the robotics competition and a team member in other projects.

While Andre's answers provided some insights into his thought process and problem-solving strategies, there were moments where he could have been more concise and engaging for potential employers. For example, when asked about becoming more succinct in how he speaks, it would be helpful to see a specific example or anecdote that illustrates this skill.

Additionally, while Andre mentioned Steve Jobs as an inspiration, he did not provide any specific examples of times when he had successfully balanced his geeky personality with inspiring leadership skills. Providing concrete anecdotes can help to showcase the candidate's potential for success in this role.

Overall, however, Andre presented a strong and thoughtful set of answers that demonstrated his technical expertise and leadership abilities. With some refinement in terms of clarity and engagement, he could be an excellent candidate for a project lead or electronic product design team position."
pp65,Yes,Yes.
pp66,Yes,"Yes. The candidate was able to effectively demonstrate their leadership skills, teamwork experience, and technical expertise, which are all valuable assets in a position like this. They also showed self-awareness about areas where they need to improve, such as delegating responsibilities and letting others take ownership of projects. Overall, the interview provided insight into the candidate's potential fit for the role and their ability to adapt to leadership positions."
pp67,No,"No. While the candidate expressed interest in consulting and a desire to work on teams, their lack of specific experience and interests in energy or connectors were notable. Additionally, their mention of not being interested in grad school at the moment suggested that they may have been prioritizing undergraduate studies over professional development."
pp69,Yes,"Yes. The candidate's qualifications and experiences were well-suited to the position of a mechanical engineer at MIT, particularly in terms of his background in computer science and electro engineering, as well as his leadership skills demonstrated through his experience in guiding a robotics project group. His willingness to learn new things and work hard also made him an attractive candidate for the role."
pp7,No,"No. Although the candidate demonstrated a strong background in engineering, computer science, mathematics, leadership, and teamwork, their response lacked specific answers about why they should be hired and provided no concrete examples of how they would apply their skills to the company's goals."
pp70,Yes,"Yes, I believe the candidate should get into graduate school. Although they did express concerns about their self-confidence and the challenges of integrating in a new country, these are areas where they demonstrated growth and a desire to improve. The fact that they mentioned being dedicated to research and wanting to contribute to the scientific world suggests that they have strong motivations for pursuing further education. Furthermore, their academic background and specific interests (marine microbiology) indicate that they have a clear passion for their field, which is typically a strong indicator of potential success in graduate school."
pp71,No,"No. The candidate did not get the job. While they provided a good interview performance, including highlighting their relevant coursework and intern experience, there were a few red flags that raised concerns about their suitability for the position.

One major concern was their lack of self-awareness on their leadership skills. When asked if they thought they were a leader, they mentioned that they wouldn't necessarily run for positions but would step up to lead when necessary. However, in an ideal world, it's crucial to have leaders who are confident in their abilities and willing to take charge.

Additionally, the candidate seemed hesitant to be specific about their technical strengths, instead focusing on soft skills like communication and teamwork. While these traits can be valuable in many contexts, they may not necessarily translate to a role in building technology, where technical expertise is paramount.

The interviewer also raised questions about their ability to manage conflicts effectively. When asked about a conflict on the team that needed to be resolved, the candidate provided an example of how they and their coach worked together to achieve success. However, this was followed by a comment that suggested they sometimes prioritize perfection over efficiency, which may not be ideal for a role in building technology.

Finally, while the candidate mentioned their interest in building technology and their parents' background as architects, these statements were met with a somewhat casual tone, which might suggest that they are not taking their potential employer's expectations very seriously. In a job interview, it's essential to demonstrate a more serious commitment to the role and its responsibilities."
pp72,Yes,"Yes. The candidate was offered the linguistics research position, which suggests that they were successful in their interview and demonstrated their qualifications for the role."
pp73,Yes,"Yes. The candidate was offered a position at MIT, which suggests that they were selected for the role based on their qualifications and fit for the position."
pp74,No,"No. While the interview went well, there were several issues that raise concerns about the candidate's fit for the role and company culture. For example:

* The interviewer mentioned that the candidate has been involved in music groups across campus, but did not elaborate on their current involvement or how it relates to their skills and experience.
* There was no mention of the candidate's experience with web programming or their ability to learn new technologies quickly.
* The interviewer asked about the candidate's comfort level meeting new people, which is a concern given that they will be working in an office environment where there may be differing personalities and work styles.
* While the candidate mentioned their enjoyment of learning new things, it did not specifically mention web programming or any other relevant skills.

Overall, while the interview was positive, there were some significant gaps in information about the candidate's qualifications and fit for the role that raised concerns."
pp76,Yes,"Yes. The candidate, Zaynab, did not secure the job position. While she presented her qualifications and experiences effectively during the interview, several red flags were raised that may have contributed to this outcome.

One major concern was her lack of leadership experience. Although she mentioned holding various leadership positions at college, these roles seemed to be relatively minor and focused on social events rather than significant projects or initiatives.

Additionally, Zaynab's response to questions about her leadership style and conflict resolution skills raised some doubts. While she acknowledged that others may not have been pulling their weight, her solution of simply ""blocking out time"" might not have addressed the underlying issues. Furthermore, her comment that she wished she was more outgoing came across as somewhat dismissive or even passive-aggressive.

Another area where Zaynab's performance fell short was in addressing potential risks or concerns about her background and experiences. While she mentioned being a chemical engineer at MIT, she did not provide much context or detail about her academic and professional journey. This lack of transparency might raise questions among hiring managers about her ability to navigate complex projects or handle unexpected challenges.

Finally, Zaynab's response to the question about why she thinks she should get the job was somewhat generic. While it is true that having a strong academic background and experience working with various teams are valuable assets, this answer did not demonstrate any significant insights or unique strengths that would make her an exceptional candidate for the position.

Overall, while Zaynab presented herself as a capable and motivated individual, several factors contributed to her limited chances of securing the job."
pp77,Yes,"Yes. The candidate was offered the position of product manager and communications specialist at the company, as indicated by their positive responses to the interview questions about their background, leadership skills, team collaboration, conflict resolution, time management, and fit with the company culture."
pp78,Yes,"Yes, the candidate was hired for the software engineering position."
pp79,Yes,"Yes. The candidate, Jessica Aria, seemed to have a strong portfolio and demonstrated her technical skills, leadership qualities, and passion for working in the energy education and robotics industries. She also showed initiative and a willingness to learn, as evidenced by her discussions about her career goals and aspirations. However, it's worth noting that the interview was relatively short, and the candidate didn't provide any clear evidence of significant work experience or achievements outside of academia. Additionally, some points, such as her lack of understanding of math in high school and her desire to learn more in this field at a later age, raised concerns about her readiness for a full-time position. Nevertheless, overall, she presented herself as a motivated and enthusiastic candidate who could contribute positively to the company."
pp8,Yes,"Yes. The candidate was well-prepared and articulate throughout the interview, showcasing their technical skills and leadership qualities. They also demonstrated a strong interest in pattern recognition and machine learning, which is relevant to the role they are applying for. Additionally, they highlighted their ability to work collaboratively, manage multiple tasks, and adapt to different study styles, all of which are valuable assets for an intern working with data analysis and machine learning projects. Overall, the candidate presented a strong case for why they should be considered for the job."
pp80,Yes,"Yes. The candidate was offered a position at MIT, specifically as the head of the Greek MedLinks program."
pp81,Yes,"Yes. The candidate was selected for the position due to their strong background in brain and cognitive science, particularly in a longitudinal study, which demonstrated their understanding of the emerging field of pharmacology. Their leadership skills, including effective communication, delegation, and team management, were also highlighted as key strengths. Additionally, their ability to maintain organizational structure despite a complex workload and manage competing interests was seen as a valuable asset. Overall, their unique combination of academic background, personal qualities, and professional experience made them an attractive candidate for the role."
pp83,No,"No. Although the candidate showed a good foundation in their background, particularly in physics and neuroscience, they struggled to articulate specific examples of leadership skills and demonstrated some nervousness that prevented them from fully showcasing their strengths. The candidate also seemed uncertain about how to effectively address potential conflicts or team-building challenges, which could be an important aspect of a leader's role."
pp84,No,"No. The candidate did not get the job. While they demonstrated some leadership skills, such as being elected president of Amnesty International and taking initiative in other projects, there were also some areas where they struggled to demonstrate their team-playing ability, public speaking skills, and understanding of industry-specific knowledge. Additionally, their response about needing to become a better public speaker was more of a personal desire than a genuine attempt to improve their skills."
pp85,Yes,"Yes. The candidate was offered the software internship position at MIT, which they accepted."
pp86,Yes,"Yes. The candidate was offered the job, primarily due to his extensive experience and knowledge in robotics, mechanical engineering, and hands-on work with robots, which aligns well with the requirements of the position. His calm demeanor, sociability, and ability to effectively communicate with team members were also noted as positive traits. However, it's worth noting that there was some uncertainty about time management during the interview process, but ultimately, his enthusiasm for working at the company and his fit with their values seemed to outweigh any concerns about his time management skills."
pp89,Yes,"Yes. The candidate, Steven, was offered a position at the board of directors after a thorough interview process that assessed his leadership skills, problem-solving abilities, and fit for the role. His experience in small group settings, such as leading a math competition and working with a robotics firm, demonstrated his ability to collaborate effectively and make decisions under pressure. Additionally, his diverse background in physics and applied fields like robotics highlighted his unique perspective and valuable contributions to the organization. Overall, Steven's qualifications and performance impressed the interview panel, making him an attractive candidate for the position."
